{"cameraMode":{"drawMode":0,"name":"Shaded","section":"Shading Mode"},"sceneLighting":true,"audioPlay":false,"sceneViewState":{"showFog":true,"showMaterialUpdate":false,"showSkybox":true,"showFlares":true,"showImageEffects":true,"showParticleSystems":true},"in2DMode":false,"pivot":{"x":-10.601739883422852,"y":0.42749208211898806,"z":-34.69011688232422},"rotation":{"x":-0.020137060433626176,"y":0.878612756729126,"z":-0.03719605132937431,"w":-0.47566181421279909},"size":22.08478546142578,"orthographic":false}